Dates,vader_score,roberta_score
2021-02-07,0,-3
2021-02-08,156,45
2021-02-09,335,112
2021-02-10,177,-9
2021-02-11,255,110
2021-02-12,219,94
2021-02-13,217,44
2021-02-14,189,37
2021-02-15,198,16
2021-02-16,120,70
2021-02-17,156,43
2021-02-18,270,108
2021-02-19,305,207
2021-02-20,284,24
2021-02-21,301,50
2021-02-22,241,-41
2021-02-23,132,-200
2021-02-24,215,49
2021-02-25,157,-43
2021-02-26,181,-31
2021-02-27,132,-50
2021-02-28,17,-15
2021-03-02,69,28
2021-03-03,139,49
2021-03-04,132,7
2021-03-05,38,8
2021-03-07,15,11
2021-03-08,127,7
2021-03-09,196,94
2021-03-10,179,40
2021-03-11,178,73
2021-03-12,211,66
2021-03-13,213,133
2021-03-14,210,50
2021-03-15,118,28
2021-03-16,209,61
2021-03-17,138,31
2021-03-27,27,15
2021-03-28,120,12
2021-03-29,124,59
2021-03-30,162,174
2021-03-31,159,47
2021-04-01,119,59
2021-04-02,154,109
2021-04-03,116,24
2021-04-04,102,24
2021-04-05,111,68
2021-04-06,139,95
2021-04-07,95,43
2021-04-08,112,81
2021-04-09,105,75
2021-04-14,179,64
2021-04-15,191,85
2021-04-16,154,8
2021-04-17,132,28
2021-04-18,134,-113
2021-04-19,147,8
2021-04-20,186,45
2021-04-21,148,14
2021-04-22,156,-20
2021-04-23,202,-113
2021-04-24,139,16
2021-04-25,138,15
2021-04-26,164,79
2021-04-27,189,122
2021-04-28,137,63
2021-04-29,160,56
2021-04-30,146,56
2021-05-01,120,12
2021-05-02,96,28
2021-05-03,149,38
2021-05-04,144,76
2021-05-05,128,112
2021-05-06,126,75
2021-05-07,143,51
2021-05-08,118,36
2021-05-09,96,33
2021-05-10,118,12
2021-05-11,126,43
2021-05-12,88,-55
2021-05-13,134,-319
2021-05-14,119,-63
2021-05-15,156,0
2021-05-16,45,-126
2021-05-17,197,-118
2021-05-18,141,4
2021-05-19,155,-198
2021-05-20,137,-98
2021-05-21,133,-89
2021-05-22,202,6
2021-05-23,125,-128
2021-05-24,139,26
2021-05-25,90,-33
2021-05-26,81,18
2021-05-27,129,64
2021-05-28,82,-21
2021-05-29,89,8
2021-05-30,77,19
2021-05-31,77,24
